{
    "fio version" : "fio-3.8",
    "timestamp" : 1611167720,
    "timestamp_ms" : 1611167720222,
    "time" : "Wed Jan 20 18:35:20 2021",
    "global options" : {
      "write_bw_log" : "/tmp/tmp.erTIdsh9T4.fio-webviewer/fio-webviewer",
      "write_lat_log" : "/tmp/tmp.erTIdsh9T4.fio-webviewer/fio-webviewer",
      "write_iops_log" : "/tmp/tmp.erTIdsh9T4.fio-webviewer/fio-webviewer"
    },
    "jobs" : [
      {
        "jobname" : "randread",
        "groupid" : 0,
        "error" : 0,
        "eta" : 0,
        "elapsed" : 61,
        "job options" : {
          "name" : "randread",
          "log_avg_msec" : "1000",
          "iodepth" : "16",
          "rw" : "randread",
          "bs" : "4k",
          "direct" : "0",
          "size" : "512M",
          "numjobs" : "4",
          "runtime" : "240"
        },
        "read" : {
          "io_bytes" : 2147483648,
          "io_kbytes" : 2097152,
          "bw_bytes" : 35585590,
          "bw" : 34751,
          "iops" : 8687.888379,
          "runtime" : 60347,
          "total_ios" : 524288,
          "short_ios" : 0,
          "drop_ios" : 0,
          "slat_ns" : {
            "min" : 0,
            "max" : 0,
            "mean" : 0.000000,
            "stddev" : 0.000000
          },
          "clat_ns" : {
            "min" : 57247,
            "max" : 41715033,
            "mean" : 445304.825960,
            "stddev" : 272526.304518,
            "percentile" : {
              "1.000000" : 160768,
              "5.000000" : 209920,
              "10.000000" : 244736,
              "20.000000" : 329728,
              "30.000000" : 362496,
              "40.000000" : 387072,
              "50.000000" : 411648,
              "60.000000" : 436224,
              "70.000000" : 485376,
              "80.000000" : 552960,
              "90.000000" : 659456,
              "95.000000" : 757760,
              "99.000000" : 970752,
              "99.500000" : 1105920,
              "99.900000" : 1662976,
              "99.950000" : 2965504,
              "99.990000" : 8847360
            }
          },
          "lat_ns" : {
            "min" : 57866,
            "max" : 41717138,
            "mean" : 447311.665733,
            "stddev" : 272615.105133
          },
          "bw_min" : 6132,
          "bw_max" : 11000,
          "bw_agg" : 25.003345,
          "bw_mean" : 8688.912500,
          "bw_dev" : 1287.409525,
          "bw_samples" : 240,
          "iops_min" : 1533,
          "iops_max" : 2750,
          "iops_mean" : 2172.216667,
          "iops_stddev" : 321.852618,
          "iops_samples" : 240
        },
        "write" : {
          "io_bytes" : 0,
          "io_kbytes" : 0,
          "bw_bytes" : 0,
          "bw" : 0,
          "iops" : 0.000000,
          "runtime" : 0,
          "total_ios" : 0,
          "short_ios" : 0,
          "drop_ios" : 0,
          "slat_ns" : {
            "min" : 0,
            "max" : 0,
            "mean" : 0.000000,
            "stddev" : 0.000000
          },
          "clat_ns" : {
            "min" : 0,
            "max" : 0,
            "mean" : 0.000000,
            "stddev" : 0.000000,
            "percentile" : {
              "1.000000" : 0,
              "5.000000" : 0,
              "10.000000" : 0,
              "20.000000" : 0,
              "30.000000" : 0,
              "40.000000" : 0,
              "50.000000" : 0,
              "60.000000" : 0,
              "70.000000" : 0,
              "80.000000" : 0,
              "90.000000" : 0,
              "95.000000" : 0,
              "99.000000" : 0,
              "99.500000" : 0,
              "99.900000" : 0,
              "99.950000" : 0,
              "99.990000" : 0
            }
          },
          "lat_ns" : {
            "min" : 0,
            "max" : 0,
            "mean" : 0.000000,
            "stddev" : 0.000000
          },
          "bw_min" : 0,
          "bw_max" : 0,
          "bw_agg" : 0.000000,
          "bw_mean" : 0.000000,
          "bw_dev" : 0.000000,
          "bw_samples" : 0,
          "iops_min" : 0,
          "iops_max" : 0,
          "iops_mean" : 0.000000,
          "iops_stddev" : 0.000000,
          "iops_samples" : 0
        },
        "trim" : {
          "io_bytes" : 0,
          "io_kbytes" : 0,
          "bw_bytes" : 0,
          "bw" : 0,
          "iops" : 0.000000,
          "runtime" : 0,
          "total_ios" : 0,
          "short_ios" : 0,
          "drop_ios" : 0,
          "slat_ns" : {
            "min" : 0,
            "max" : 0,
            "mean" : 0.000000,
            "stddev" : 0.000000
          },
          "clat_ns" : {
            "min" : 0,
            "max" : 0,
            "mean" : 0.000000,
            "stddev" : 0.000000,
            "percentile" : {
              "1.000000" : 0,
              "5.000000" : 0,
              "10.000000" : 0,
              "20.000000" : 0,
              "30.000000" : 0,
              "40.000000" : 0,
              "50.000000" : 0,
              "60.000000" : 0,
              "70.000000" : 0,
              "80.000000" : 0,
              "90.000000" : 0,
              "95.000000" : 0,
              "99.000000" : 0,
              "99.500000" : 0,
              "99.900000" : 0,
              "99.950000" : 0,
              "99.990000" : 0
            }
          },
          "lat_ns" : {
            "min" : 0,
            "max" : 0,
            "mean" : 0.000000,
            "stddev" : 0.000000
          },
          "bw_min" : 0,
          "bw_max" : 0,
          "bw_agg" : 0.000000,
          "bw_mean" : 0.000000,
          "bw_dev" : 0.000000,
          "bw_samples" : 0,
          "iops_min" : 0,
          "iops_max" : 0,
          "iops_mean" : 0.000000,
          "iops_stddev" : 0.000000,
          "iops_samples" : 0
        },
        "sync" : {
          "lat_ns" : {
            "min" : 0,
            "max" : 0,
            "mean" : 0.000000,
            "stddev" : 0.000000,
            "percentile" : {
              "1.000000" : 0,
              "5.000000" : 0,
              "10.000000" : 0,
              "20.000000" : 0,
              "30.000000" : 0,
              "40.000000" : 0,
              "50.000000" : 0,
              "60.000000" : 0,
              "70.000000" : 0,
              "80.000000" : 0,
              "90.000000" : 0,
              "95.000000" : 0,
              "99.000000" : 0,
              "99.500000" : 0,
              "99.900000" : 0,
              "99.950000" : 0,
              "99.990000" : 0
            }
          },
          "total_ios" : 0
        },
        "job_runtime" : 240814,
        "usr_cpu" : 3.617730,
        "sys_cpu" : 9.024392,
        "ctx" : 524933,
        "majf" : 0,
        "minf" : 68,
        "iodepth_level" : {
          "1" : 100.000000,
          "2" : 0.000000,
          "4" : 0.000000,
          "8" : 0.000000,
          "16" : 0.000000,
          "32" : 0.000000,
          ">=64" : 0.000000
        },
        "latency_ns" : {
          "2" : 0.000000,
          "4" : 0.000000,
          "10" : 0.000000,
          "20" : 0.000000,
          "50" : 0.000000,
          "100" : 0.000000,
          "250" : 0.000000,
          "500" : 0.000000,
          "750" : 0.000000,
          "1000" : 0.000000
        },
        "latency_us" : {
          "2" : 0.000000,
          "4" : 0.000000,
          "10" : 0.000000,
          "20" : 0.000000,
          "50" : 0.000000,
          "100" : 0.017357,
          "250" : 10.616302,
          "500" : 61.665916,
          "750" : 22.530174,
          "1000" : 4.327393
        },
        "latency_ms" : {
          "2" : 0.766182,
          "4" : 0.040245,
          "10" : 0.031090,
          "20" : 0.010000,
          "50" : 0.010000,
          "100" : 0.000000,
          "250" : 0.000000,
          "500" : 0.000000,
          "750" : 0.000000,
          "1000" : 0.000000,
          "2000" : 0.000000,
          ">=2000" : 0.000000
        },
        "latency_depth" : 16,
        "latency_target" : 0,