{
    "fio version" : "fio-3.16",
    "timestamp" : 1614710871,
    "timestamp_ms" : 1614710871482,
    "time" : "Tue Mar  2 19:47:51 2021",
    "jobs" : [
      {
        "jobname" : "fio-test-1",
        "groupid" : 0,
        "error" : 0,
        "eta" : 0,
        "elapsed" : 4,
        "job options" : {
          "name" : "fio-test-2",
          "ioengine" : "libaio",
          "direct" : "1",
          "invalidate" : "1",
          "size" : "10m",
          "rw" : "randrw",
          "rwmixread" : "40",
          "randrepeat" : "0",
          "bssplit" : "64k/47:4k/22:16k/12:8k/6:512/5:32k/4:12k/3:256k/1,8k/89:4k/11",
          "iodepth" : "32",
          "runtime" : "3"
        },
        "read" : {
          "io_bytes" : 578833408,
          "io_kbytes" : 565267,
          "bw_bytes" : 192880175,
          "bw" : 188359,
          "iops" : 10115.961346,
          "runtime" : 79457778,
          "total_ios" : 30358,
          "short_ios" : 0,
          "drop_ios" : 0,
          "slat_ns" : {
            "min" : 26517,
            "max" : 635097,
            "mean" : 38036.146024,
            "stddev" : 14619.087445
          },
          "clat_ns" : {
            "min" : 34647,
            "max" : 5857659,
            "mean" : 1138115.210554,
            "stddev" : 393222.020597,
            "percentile" : {
              "1.000000" : 296960,
              "5.000000" : 733184,
              "10.000000" : 864256,
              "20.000000" : 978944,
              "30.000000" : 1044480,
              "40.000000" : 1089536,
              "50.000000" : 1122304,
              "60.000000" : 1155072,
              "70.000000" : 1204224,
              "80.000000" : 1253376,
              "90.000000" : 1351680,
              "95.000000" : 1482752,
              "99.000000" : 2113536,
              "99.500000" : 4358144,
              "99.900000" : 5144576,
              "99.950000" : 5341184,
              "99.990000" : 5537792
            }
          },
          "lat_ns" : {
            "min" : 65097,
            "max" : 5914265,
            "mean" : 1176575.360465,
            "stddev" : 396749.449709
          },
          "bw_min" : 178833,
          "bw_max" : 201263,
          "bw_agg" : 99.180076,
          "bw_mean" : 186814.600000,
          "bw_dev" : 9295.709457,
          "bw_samples" : 5,
          "iops_min" : 9817,
          "iops_max" : 10461,
          "iops_mean" : 10077.200000,
          "iops_stddev" : 243.102242,
          "iops_samples" : 5
        },
        "write" : {
          "io_bytes" : 328583168,
          "io_kbytes" : 320882,
          "bw_bytes" : 109491225,
          "bw" : 106925,
          "iops" : 15064.978341,
          "runtime" : 3001,
          "total_ios" : 45210,
          "short_ios" : 0,
          "drop_ios" : 0,
          "slat_ns" : {
            "min" : 27595,
            "max" : 740386,
            "mean" : 37346.795775,
            "stddev" : 22681.906364
          },
          "clat_ns" : {
            "min" : 34155,
            "max" : 5927392,
            "mean" : 1324485.779451,
            "stddev" : 370522.404075,
            "percentile" : {
              "1.000000" : 419840,
              "5.000000" : 1089536,
              "10.000000" : 1138688,
              "20.000000" : 1171456,
              "30.000000" : 1204224,
              "40.000000" : 1236992,
              "50.000000" : 1269760,
              "60.000000" : 1302528,
              "70.000000" : 1351680,
              "80.000000" : 1433600,
              "90.000000" : 1548288,
              "95.000000" : 1695744,
              "99.000000" : 2375680,
              "99.500000" : 4358144,
              "99.900000" : 5079040,
              "99.950000" : 5406720,
              "99.990000" : 5734400
            }
          },
          "lat_ns" : {
            "min" : 66820,
            "max" : 6026544,
            "mean" : 1362254.725658,
            "stddev" : 383345.263246
          },
          "bw_min" : 104382,
          "bw_max" : 108383,
          "bw_agg" : 99.184101,
          "bw_mean" : 106052.600000,
          "bw_dev" : 1723.168680,
          "bw_samples" : 5,
          "iops_min" : 14763,
          "iops_max" : 15323,
          "iops_mean" : 15015.200000,
          "iops_stddev" : 237.250290,
          "iops_samples" : 5
        },
        "trim" : {
          "io_bytes" : 0,
          "io_kbytes" : 0,
          "bw_bytes" : 0,
          "bw" : 0,
          "iops" : 0.000000,
          "runtime" : 0,
          "total_ios" : 0,
          "short_ios" : 0,
          "drop_ios" : 0,
          "slat_ns" : {
            "min" : 0,
            "max" : 0,
            "mean" : 0.000000,
            "stddev" : 0.000000
          },
          "clat_ns" : {
            "min" : 0,
            "max" : 0,
            "mean" : 0.000000,
            "stddev" : 0.000000,
            "percentile" : {
              "1.000000" : 0,
              "5.000000" : 0,
              "10.000000" : 0,
              "20.000000" : 0,
              "30.000000" : 0,
              "40.000000" : 0,
              "50.000000" : 0,
              "60.000000" : 0,
              "70.000000" : 0,
              "80.000000" : 0,
              "90.000000" : 0,
              "95.000000" : 0,
              "99.000000" : 0,
              "99.500000" : 0,
              "99.900000" : 0,
              "99.950000" : 0,
              "99.990000" : 0
            }
          },
          "lat_ns" : {
            "min" : 0,
            "max" : 0,
            "mean" : 0.000000,
            "stddev" : 0.000000
          },
          "bw_min" : 0,
          "bw_max" : 0,
          "bw_agg" : 0.000000,
          "bw_mean" : 0.000000,
          "bw_dev" : 0.000000,
          "bw_samples" : 0,
          "iops_min" : 0,
          "iops_max" : 0,
          "iops_mean" : 0.000000,
          "iops_stddev" : 0.000000,
          "iops_samples" : 0
        },
        "sync" : {
          "lat_ns" : {
            "min" : 0,
            "max" : 0,
            "mean" : 0.000000,
            "stddev" : 0.000000,
            "percentile" : {
              "1.000000" : 0,
              "5.000000" : 0,
              "10.000000" : 0,
              "20.000000" : 0,
              "30.000000" : 0,
              "40.000000" : 0,
              "50.000000" : 0,
              "60.000000" : 0,
              "70.000000" : 0,
              "80.000000" : 0,
              "90.000000" : 0,
              "95.000000" : 0,
              "99.000000" : 0,
              "99.500000" : 0,
              "99.900000" : 0,
              "99.950000" : 0,
              "99.990000" : 0
            }
          },
          "total_ios" : 0
        },
        "job_runtime" : 3097,
        "usr_cpu" : 0.226025,
        "sys_cpu" : 98.127220,
        "ctx" : 646,
        "majf" : 0,
        "minf" : 26,
        "iodepth_level" : {
          "1" : 0.100000,
          "2" : 0.190557,
          "4" : 0.381114,
          "8" : 0.762227,
          "16" : 1.524455,
          "32" : 97.046369,
          ">=64" : 0.000000
        },
        "iodepth_submit" : {
          "0" : 0.000000,
          "4" : 100.000000,
          "8" : 0.000000,
          "16" : 0.000000,
          "32" : 0.000000,
          "64" : 0.000000,
          ">=64" : 0.000000
        },
        "iodepth_complete" : {
          "0" : 0.000000,
          "4" : 99.901918,
          "8" : 0.000000,
          "16" : 0.000000,
          "32" : 0.100000,
          "64" : 0.000000,
          ">=64" : 0.000000
        },
        "latency_ns" : {
          "2" : 0.000000,
          "4" : 0.000000,
          "10" : 0.000000,
          "20" : 0.000000,
          "50" : 0.000000,
          "100" : 0.000000,
          "250" : 0.000000,
          "500" : 0.000000,
          "750" : 0.000000,
          "1000" : 0.000000
        },
        "latency_us" : {
          "2" : 0.000000,
          "4" : 0.000000,
          "10" : 0.000000,
          "20" : 0.000000,
          "50" : 0.070136,